subject_id,loc_plot1_lat,loc_plot1_long
1000,41.8755616,-87.6244212
1002,33.7494951,-117.8732213
1005,40.7127281,-74.0060152
1006,40.7127281,-74.0060152
1010,40.7127281,-74.0060152
1013,42.81909025,-78.83371748
1014,42.81909025,-78.83371748
1015,42.81909025,-78.83371748
1016,42.81909025,-78.83371748
1017,42.81909025,-78.83371748
1018,42.81909025,-78.83371748
1019,40.7127281,-74.0060152
1020,38.8462236,-77.3063733
1021,38.8051095,-77.0470229
1022,38.8051095,-77.0470229
1023,38.8051095,-77.0470229
1024,38.8051095,-77.0470229
1025,38.8051095,-77.0470229
1026,38.8051095,-77.0470229
1027,38.8051095,-77.0470229
1028,38.8051095,-77.0470229
1029,38.3031837,-77.4605399
1031,38.8903961,-77.0841585
1035,40.7127281,-74.0060152
1036,40.7127281,-74.0060152
1039,34.0536909,-118.242766
1040,34.0536909,-118.242766
1041,34.0536909,-118.242766
1042,38.6779591,-121.1760583
1043,33.8358492,-118.3406288
1046,41.6529143,-83.5378173
1048,33.7489924,-84.3902644
1049,34.02332,-84.360022
1050,25.7741728,-80.19362
1051,25.7741728,-80.19362
1052,25.7741728,-80.19362
1053,25.7741728,-80.19362
1054,25.7741728,-80.19362
1055,25.7741728,-80.19362
1056,25.7741728,-80.19362
1058,39.9348351,-75.0307264
1059,39.9348351,-75.0307264
1061,39.9348351,-75.0307264
1063,40.7127281,-74.0060152
1076,38.9464996,-77.1588685
1079,38.882334,-77.1710914
1080,47.1086912,-122.5549795
1081,45.5202471,-122.6741949
1082,45.5202471,-122.6741949
1083,45.5202471,-122.6741949
1084,45.5202471,-122.6741949
1085,45.5202471,-122.6741949
1087,45.5202471,-122.6741949
1088,42.2713945,-89.093966
1089,33.4484367,-112.0741417
1091,42.3602534,-71.0582912
1094,40.7498243,-73.7976337
1095,40.7127281,-74.0060152
1097,39.2908816,-76.610759
1099,32.9481789,-96.7297206
1100,32.9481789,-96.7297206
1101,32.9481789,-96.7297206
1103,32.9481789,-96.7297206
1104,32.9481789,-96.7297206
1105,42.3315509,-83.0466403
1106,40.7127281,-74.0060152
1109,32.7762719,-96.7968559
1110,39.7990175,-89.6439575
1111,42.3834278,-71.4161725
1113,44.9772995,-93.2654692
1114,44.9772995,-93.2654692
1115,44.9772995,-93.2654692
1116,44.9772995,-93.2654692
1117,44.9772995,-93.2654692
1118,44.9772995,-93.2654692
1119,44.9772995,-93.2654692
1121,44.9772995,-93.2654692
1122,44.9772995,-93.2654692
1123,44.9772995,-93.2654692
1124,44.9772995,-93.2654692
1125,44.9772995,-93.2654692
1126,44.9772995,-93.2654692
1127,41.8755616,-87.6244212
1128,41.8755616,-87.6244212
1129,44.9772995,-93.2654692
1132,44.0234387,-92.4630182
1135,44.9772995,-93.2654692
1136,33.7489924,-84.3902644
1137,35.2272086,-80.8430827
1139,40.3909328,-75.4921249
1140,39.2465755,-106.2953621
1141,38.8462236,-77.3063733
1142,40.7127281,-74.0060152
1143,38.8949924,-77.0365581
1160,31.20143875,-97.77175781
1161,45.5202471,-122.6741949
1162,39.2908816,-76.610759
1163,38.8051095,-77.0470229
1164,38.8949924,-77.0365581
1166,38.8051095,-77.0470229
1167,38.8949924,-77.0365581
1169,34.7464809,-92.2895948
1170,41.5034271,-74.0104179
1171,40.8466508,-73.8785937
1172,41.5034271,-74.0104179
1173,41.5034271,-74.0104179
1174,38.5228755,-77.2901863
1175,38.5228755,-77.2901863
1176,38.5228755,-77.2901863
1178,38.5228755,-77.2901863
1179,38.5228755,-77.2901863
1181,38.5228755,-77.2901863
1182,40.85149705,-73.09942581
1191,58.7551615,-156.519247
1193,40.7127281,-74.0060152
1200,40.5834557,-74.1496048
1201,38.8903961,-77.0841585
1203,41.8755616,-87.6244212
2001,42.3602534,-71.0582912
2002,40.7127281,-74.0060152
2003,40.7127281,-74.0060152
2010,39.6852191,-75.7508289
2011,42.4250964,-71.066163
2012,39.9622601,-83.0007065
2013,39.9622601,-83.0007065
2018,41.8755616,-87.6244212
2019,41.8755616,-87.6244212
2021,40.6501038,-73.9495823
2023,33.5635206,-101.879336
2025,27.9477595,-82.458444
2026,30.0929491,-96.0806548
2027,41.5051613,-81.6934446
2029,32.7174202,-117.1627728
2031,40.7127281,-74.0060152
2034,47.6038321,-122.3300624
2042,39.2908816,-76.610759
2048,39.9622601,-83.0007065
2049,40.7127281,-74.0060152
2050,26.1223084,-80.1433786
2051,29.7589382,-95.3676974
2052,32.7174202,-117.1627728
2055,32.7174202,-117.1627728
2056,32.7174202,-117.1627728
2057,44.9772995,-93.2654692
2061,47.6038321,-122.3300624
2062,35.9131542,-79.05578
2065,29.7589382,-95.3676974
2066,44.9772995,-93.2654692
2067,32.7174202,-117.1627728
2068,42.3222599,-83.1763145
2071,47.6038321,-122.3300624
2072,47.6038321,-122.3300624
2100,41.0336768,-79.2514282
2101,42.3222599,-83.1763145
2103,47.6571934,-117.4235106
2106,38.8903961,-77.0841585
2107,31.20143875,-97.77175781
2108,40.6501038,-73.9495823
2109,38.8949924,-77.0365581
2111,40.7127281,-74.0060152
2112,39.1044123,-76.8669233
2113,33.5206824,-86.8024326
2114,38.8051095,-77.0470229
2120,25.7741728,-80.19362
2121,27.6886419,-82.5723193
2124,35.7803977,-78.6390989
2126,39.2908816,-76.610759
2127,41.6529143,-83.5378173
2130,25.8575963,-80.2781057
2152,34.5399962,-112.4687616
2170,40.6501038,-73.9495823
2191,42.3369816,-83.2732627
2193,42.3315509,-83.0466403
2194,42.3222599,-83.1763145
2200,42.3315509,-83.0466403
2202,42.3222599,-83.1763145
2204,42.3315509,-83.0466403
2213,42.3315509,-83.0466403
2231,37.3361905,-121.890583
2232,40.7127281,-74.0060152
2233,44.9772995,-93.2654692
2234,40.6501038,-73.9495823
2235,42.3315509,-83.0466403
2237,44.9772995,-93.2654692
2238,47.2495798,-122.4398746
2239,58.7551615,-156.519247
2240,41.311367,-105.591101
2241,40.6501038,-73.9495823
2243,39.100105,-94.5781416
2251,40.7127281,-74.0060152
3000,45.5202471,-122.6741949
3007,45.5202471,-122.6741949
3009,40.85149705,-73.09942581
3010,40.85149705,-73.09942581
3018,44.0505054,-123.0950506
3021,40.7596198,-111.8867975
3022,32.2228765,-110.9748477
3023,45.2864689,-122.3342596
3024,45.5202471,-122.6741949
3033,40.7596198,-111.8867975
3038,44.9772995,-93.2654692
3042,40.5664878,-111.838904
3043,35.1490215,-90.0516285
3049,35.1490215,-90.0516285
3050,35.4729886,-97.5170536
3053,35.1490215,-90.0516285
3059,40.5621704,-111.929658
3060,37.7790262,-122.4199061
3064,45.636623,-89.412075
3066,47.0451022,-122.8950075
3068,39.7048155,-104.9335083
3074,40.5621704,-111.929658
3077,45.636623,-89.412075
3078,34.0536909,-118.242766
3087,44.0505054,-123.0950506
3089,39.7392364,-104.9848623
3098,47.6038321,-122.3300624
3101,44.4765528,-122.8208013
3102,46.1036879,-123.2048168
3104,47.6038321,-122.3300624
3105,40.2170575,-74.7429463
3106,38.8598295,-121.3423921
3107,44.0505054,-123.0950506
3108,45.5202471,-122.6741949
3109,42.7355416,-84.4852469
3112,38.5810606,-121.4938951
3114,44.2726203,-121.1739212
3116,47.6038321,-122.3300624
3117,42.3315509,-83.0466403
3118,47.6038321,-122.3300624
3119,44.0505054,-123.0950506
3123,46.5927425,-112.036277
3124,42.9783924,-78.7997616
3125,30.2711286,-97.7436995
3126,37.6922361,-97.3375448
3127,38.8949924,-77.0365581
3128,38.5810606,-121.4938951
3132,47.9673056,-122.2013998
3134,38.7014389,-90.1487199
3136,38.8949924,-77.0365581
3137,36.8462923,-76.2929252
3138,38.8949924,-77.0365581
3139,43.0481221,-76.1474244
3143,38.8114364,-89.953157
3146,36.7183708,-76.2466798
3148,38.5810606,-121.4938951
3150,43.07943,-72.4259189
3153,36.8462923,-76.2929252
3154,38.8949924,-77.0365581
3159,33.7489924,-84.3902644
3160,38.8949924,-77.0365581
3161,35.0841034,-106.6509851
3163,33.5801103,-85.0766113
3165,41.8755616,-87.6244212
3168,37.6922361,-97.3375448
3169,28.5421109,-81.3790304
3171,37.6922361,-97.3375448
3173,29.7589382,-95.3676974
3175,28.5421109,-81.3790304
3176,35.4094178,-80.5800049
3180,30.421309,-87.2169149
3182,30.421309,-87.2169149
3184,32.7174202,-117.1627728
3185,40.040739,-75.49284449
3187,27.7477253,-97.4014129
3200,34.0536909,-118.242766
3203,41.6529143,-83.5378173
3207,41.7950525,-87.9751964
3213,42.8867166,-78.8783922
3215,43.0349931,-87.922497
3216,40.7127281,-74.0060152
3218,30.421309,-87.2169149
3221,36.8462923,-76.2929252
3224,40.4418068,-79.8819609
3228,30.421309,-87.2169149
3231,32.7174202,-117.1627728
3236,33.4484367,-112.0741417
3237,42.3602534,-71.0582912
3239,37.6922361,-97.3375448
3240,37.6922361,-97.3375448
3241,37.6922361,-97.3375448
3246,33.7489924,-84.3902644
3248,30.421309,-87.2169149
3250,39.8526124,-75.3826921
3251,30.421309,-87.2169149
3255,40.040739,-75.49284449
3257,33.7489924,-84.3902644
3258,39.9527237,-75.1635262
3259,33.7489924,-84.3902644
3262,33.7489924,-84.3902644
3263,30.6430036,-84.57691688
3273,35.9603948,-83.9210261
3281,37.6922361,-97.3375448
3285,39.1014537,-84.5124602
3289,40.7127281,-74.0060152
3290,29.7589382,-95.3676974
3291,30.421309,-87.2169149
3293,30.421309,-87.2169149
3294,47.4234599,-120.3103494
3296,30.421309,-87.2169149
3307,37.6922361,-97.3375448
3312,37.3361905,-121.890583
3316,37.6922361,-97.3375448
3318,42.8867166,-78.8783922
3320,28.5421109,-81.3790304
3329,37.6922361,-97.3375448
3331,42.8867166,-78.8783922
3336,40.3295547,-74.0615285
3341,40.7127281,-74.0060152
3346,40.7266477,-73.6343052
3347,35.9603948,-83.9210261
3348,40.666149,-89.5800978
3351,32.229724,-95.39469049
3354,32.2990384,-90.1847691
3355,30.421309,-87.2169149
3356,38.882334,-77.1710914
3357,29.7589382,-95.3676974
3358,43.0481221,-76.1474244
3363,37.270973,-79.9414313
3364,41.5051613,-81.6934446
3367,35.6150716,-87.0352831
3372,28.2441768,-82.7192671
3374,35.6144446,-88.8177418
3375,32.2228765,-110.9748477
3381,33.6680772,-117.3272615
3382,32.2990384,-90.1847691
3388,35.6150716,-87.0352831
3391,34.6183433,-79.0083993
3393,39.7683331,-86.1583502
3395,32.2228765,-110.9748477
3399,31.5455709,-110.2772249
3405,35.6150716,-87.0352831
3409,40.7596198,-111.8867975
3411,35.4729886,-97.5170536
3413,29.7589382,-95.3676974
3415,44.0505054,-123.0950506
3416,33.4484367,-112.0741417
3423,38.029306,-78.4766781
3424,44.0505054,-123.0950506
3425,34.2055857,-112.3384991
3426,30.4764878,-96.6353488
3427,39.6852191,-75.7508289
3428,39.1014537,-84.5124602
3432,40.7596198,-111.8867975
3434,32.7762719,-96.7968559
3436,38.23136,-85.644343
3437,37.2621687,-119.7009834
3441,33.4484367,-112.0741417
3443,36.1672559,-115.1485163
3445,37.2621687,-119.7009834
3446,35.7803977,-78.6390989
3447,33.6783336,-118.0000166
3448,36.1556805,-95.9929113
3451,32.7666103,-96.599472
3452,45.5202471,-122.6741949
3453,33.4484367,-112.0741417
3456,45.5202471,-122.6741949
3457,41.7988074,-69.99601347
3458,38.9937333,-76.8830658
3461,35.4729886,-97.5170536
3462,30.2711286,-97.7436995
3464,35.2156532,-95.9258318
3467,42.0267703,-93.6170554
3468,41.3614401,-81.812912
3470,39.1014537,-84.5124602
3475,48.7544012,-122.4788361
3476,47.6571104,-117.2613936
3478,47.6571934,-117.4235106
3480,39.2806451,-80.3445341
3482,42.291707,-85.5872286
3483,32.753177,-97.3327459
3484,32.753177,-97.3327459
3485,32.753177,-97.3327459
3486,33.2101155,-97.7547552
3489,39.1404477,-121.6169108
3490,48.5465695,-117.905537
3491,38.861159,-90.0976069
3494,42.291707,-85.5872286
3495,37.3494528,-108.5840736
3496,37.1162505,-107.6339562
3499,26.0217447,-97.5341534
3501,30.6943566,-88.0430541
3503,38.5810606,-121.4938951
3505,38.6269929,-88.9456158
3506,33.7489924,-84.3902644
3508,34.0536909,-118.242766
3511,48.3840879,-113.972144
3513,46.5085066,-116.5509813
3515,40.0758595,-80.20946419
3516,45.926552,-116.1223265
3517,34.0536909,-118.242766
3519,35.9603948,-83.9210261
3522,37.5296593,-122.0402399
3523,32.4709761,-85.0007653
3524,38.8949924,-77.0365581
3525,42.8858503,-87.8631362
3527,31.8694349,-81.6077657
3528,31.2237434,-85.3933906
3535,30.3321838,-81.655651
3538,31.8694349,-81.6077657
3545,48.6205235,-116.4329606
3546,34.7464809,-92.2895948
3550,31.8694349,-81.6077657
3554,38.5810606,-121.4938951
3559,31.8694349,-81.6077657
3573,32.0376629,-93.7001819
3582,31.4584764,-85.6405865
3586,43.074761,-89.3837613
3591,45.7874957,-108.49607
3592,30.2711286,-97.7436995
3595,36.0301134,-114.9826194
3596,30.6765961,-86.6037748
3597,36.2831238,-92.4940505
3599,31.8694349,-81.6077657
3601,43.0349931,-87.922497
3602,25.7741728,-80.19362
3604,39.7683331,-86.1583502
3605,34.4458248,-119.0779359
3607,41.0272796,-78.4391876
3609,42.3222599,-83.1763145
3613,38.5889386,-89.990382
3617,33.4484367,-112.0741417
3624,25.7741728,-80.19362
3625,31.963778,-95.2705042
3626,39.7683331,-86.1583502
3629,41.308396,-79.3697665
3634,40.4416941,-79.9900861
3637,31.115857,-97.323811
3642,36.1672559,-115.1485163
3643,28.7997003,-98.7572472
3644,39.7683331,-86.1583502
3645,34.0966764,-117.7197785
3650,47.32121,-106.910461
3651,36.5945173,-94.3841031
3652,39.452786,-74.72469501
3654,41.3970137,-98.3961172
3657,43.534612,-72.356644
3659,39.896454,-82.4201539
3660,34.0561207,-118.4306347
3669,44.0505054,-123.0950506
3673,43.534612,-72.356644
3674,39.896454,-82.4201539
3675,41.0272796,-78.4391876
3678,30.5168639,-86.482172
3686,34.1779495,-82.3792463
3689,47.2495798,-122.4398746
3695,47.6571934,-117.4235106
3701,43.207178,-71.537476
3703,31.6165551,-96.935828
3708,43.534612,-72.356644
3714,38.9422718,-86.5080499
3758,40.7127281,-74.0060152
3768,36.1556805,-95.9929113
3770,44.9772995,-93.2654692
3778,39.7683331,-86.1583502
3781,40.8042674,-74.012084
3789,47.983451,-115.7693553
3793,47.2495798,-122.4398746
3796,42.9304376,-70.824896
3811,42.9304376,-70.824896
3812,34.0536909,-118.242766
3821,39.9527237,-75.1635262
3823,36.1622296,-86.7743531
3834,39.1014537,-84.5124602
3836,31.549333,-97.1466695
3838,27.9477595,-82.458444
3841,47.7587944,-116.7568579
3847,34.7464809,-92.2895948
3848,38.9742502,-94.6851702
3852,37.8044557,-122.2713563
3860,48.8636212,-117.3718881
3864,38.8949924,-77.0365581
3865,19.3758749,-99.2134148
3872,45.4997475,-122.4309766
3874,37.7790262,-122.4199061
3877,41.29843435,-72.93102343
3884,36.2675793,-94.4846602
3890,33.4484367,-112.0741417
3899,47.9479601,-116.7079745
3900,42.3602534,-71.0582912
3904,35.4729886,-97.5170536
3905,40.5886259,-83.1287349
3908,46.893876,-99.299833
3910,35.2189456,-98.6072856
3911,28.5421109,-81.3790304
3915,36.9762927,-121.9540577
3917,36.0301134,-114.9826194
3919,46.893876,-99.299833
3920,37.5385087,-77.43428
3924,39.7392364,-104.9848623
3926,33.8347516,-117.911732
3961,47.8278656,-122.3053932
3962,33.4484367,-112.0741417
3975,39.7589478,-84.1916069
3982,38.8949924,-77.0365581
3985,32.0809263,-81.0911768
3989,44.7377544,-89.0284421
3990,43.467517,-85.942001
3997,46.0491763,-118.3880417
3999,35.6876096,-105.9384569
4003,34.1335332,-86.8779268
4007,31.1171441,-97.727796
4008,47.6571934,-117.4235106
4009,39.4453393,-83.8285375
4012,28.5421109,-81.3790304
4021,47.32121,-106.910461
4024,29.7589382,-95.3676974
4028,39.7392364,-104.9848623
4029,35.2017495,-83.8240676
4031,35.0525759,-78.878292
4032,30.4380832,-84.2809332
4033,34.0536909,-118.242766
4036,41.4297694,-84.8713507
4037,32.753177,-97.3327459
4039,39.7392364,-104.9848623
4040,35.2017495,-83.8240676
4042,39.287002,-84.4852213
4043,39.5237259,-75.2360204
4046,32.753177,-97.3327459
4048,30.3674198,-89.0928155
4053,47.32121,-106.910461
4057,43.0281329,-73.3812231
4058,47.6742994,-116.7811531
4060,32.5221828,-93.7651944
4063,32.7174202,-117.1627728
4067,47.32121,-106.910461
4071,43.0281329,-73.3812231
4075,32.7762719,-96.7968559
4077,47.32121,-106.910461
4080,39.7683331,-86.1583502
4083,38.5810606,-121.4938951
4091,32.7762719,-96.7968559
4093,35.7478769,-95.3696909
4097,47.32121,-106.910461
4098,32.7174202,-117.1627728
4105,32.8383828,-116.9739167
4108,32.7174202,-117.1627728
4114,34.4428135,-86.92699139
4115,42.3315509,-83.0466403
4121,33.6856969,-117.8259819
4122,39.7392364,-104.9848623
4123,39.7392364,-104.9848623
4125,33.6952318,-80.2107811
4127,38.8949924,-77.0365581
4129,32.7174202,-117.1627728
4131,30.7485258,-94.000884
4132,30.7485258,-94.000884
4134,36.1672559,-115.1485163
4143,33.4889075,-112.9302819
4146,37.050096,-121.9905908
4148,34.0536909,-118.242766
4150,38.8949924,-77.0365581
4152,42.4057219,-82.1853837
4153,38.9013729,-77.2651762
4154,34.0536909,-118.242766
4155,47.6038321,-122.3300624
4157,44.9772995,-93.2654692
4158,37.7790262,-122.4199061
4159,39.7284945,-121.8374777
4163,37.050096,-121.9905908
4166,44.0505054,-123.0950506
4168,37.050096,-121.9905908
4172,37.8708393,-122.2728639
4173,34.1476452,-118.1444779
4176,33.7489924,-84.3902644
4179,38.8949924,-77.0365581
4180,39.0086411,-77.02063117
4182,38.77704615,-121.2959045
4183,33.6783336,-118.0000166
4186,33.7475203,-116.9719684
4187,33.7475203,-116.9719684
4189,33.7475203,-116.9719684
4190,42.1018764,-72.5886727
4191,42.1018764,-72.5886727
4192,42.1018764,-72.5886727
4193,39.2806451,-80.3445341
4194,41.5236436,-90.5776368
4198,40.2338438,-111.6585337
4199,40.2338438,-111.6585337
4200,34.0536909,-118.242766
4201,38.8949924,-77.0365581
4202,47.6038321,-122.3300624
4205,37.5385087,-77.43428
4208,47.1115335,-88.5867627
4209,41.8755616,-87.6244212
4210,40.1784279,-122.2359236
4212,42.58485235,-82.93482447
4215,41.6745591,-111.8331194
4216,33.4484367,-112.0741417
4217,33.5206824,-86.8024326
4220,29.7589382,-95.3676974
4223,43.5060862,-90.668186
4224,40.3492744,-74.6592958
4228,45.143731,-122.8553725
4229,34.63941505,-77.34201604
4231,42.0834335,-71.0183787
4232,36.1672559,-115.1485163
4236,33.4484367,-112.0741417
4239,42.4767131,-88.0950691
4241,40.4189566,-80.5895167
4243,47.6038321,-122.3300624
4245,41.1348213,-81.4848086
4247,34.6481318,-97.9580933
4250,37.9509324,-91.7708076
4251,41.724946,-73.24225915
4253,33.7489924,-84.3902644
4254,30.082475,-97.8417144
4256,46.601557,-120.5108421
4258,32.3512601,-95.3010624
4259,41.5051613,-81.6934446
4260,35.5197984,-84.3635338
4261,33.9137085,-98.4933873
4264,37.7790262,-122.4199061
4265,40.2024746,-77.171855
4267,47.6571934,-117.4235106
4271,36.1825728,-93.4046288
4274,31.4486118,-102.5163544
4275,32.2228765,-110.9748477
4276,33.77217945,-116.4952977
4277,47.6571934,-117.4235106
4278,47.6038321,-122.3300624
4279,64.837845,-147.716675
4280,36.9418115,-120.1714382
4283,32.753177,-97.3327459
4284,38.9819845,-77.12423413
4287,47.9673056,-122.2013998
4288,33.7489924,-84.3902644
4289,34.2978794,-83.8240663
4290,38.8949924,-77.0365581
4291,38.8949924,-77.0365581
4297,43.0349931,-87.922497
4303,41.8755616,-87.6244212
4306,44.9772995,-93.2654692
4308,41.8755616,-87.6244212
4309,41.8755616,-87.6244212
4310,41.8755616,-87.6244212
4311,38.7509488,-77.4752667
4315,35.1816047,-111.6165953
4317,44.0505054,-123.0950506
4318,43.549973,-96.7003324
4319,36.1672559,-115.1485163
4320,38.8949924,-77.0365581
4322,38.8339578,-104.8253485
4323,38.8339578,-104.8253485
4325,41.2230048,-111.9738429
4327,30.3321838,-81.655651
4329,40.6096698,-111.9391031
4330,40.6096698,-111.9391031
4331,40.7596198,-111.8867975
4333,40.727451,-115.48982
4334,42.4393707,-123.3272489
4335,33.5635206,-101.879336
4336,33.5635206,-101.879336
4337,33.5635206,-101.879336
4338,44.8107911,-73.0833607
4339,46.5927425,-112.036277
4341,39.5261206,-119.8126581
4345,36.1622296,-86.7743531
4351,46.877229,-96.789821
4353,44.9504037,-93.1015026
4355,41.8755616,-87.6244212
4358,30.4459596,-91.18738
4359,30.4459596,-91.18738
4361,40.7127281,-74.0060152
4364,30.4459596,-91.18738
4365,29.7589382,-95.3676974
4366,29.7589382,-95.3676974
4368,32.7174202,-117.1627728
4371,43.6166163,-116.200886
4372,48.2765903,-116.5532476
4373,47.6038321,-122.3300624
4375,47.6038321,-122.3300624
4376,35.4729886,-97.5170536
4378,36.8462923,-76.2929252
4380,32.2990384,-90.1847691
4383,34.0536909,-118.242766
4384,35.1490215,-90.0516285
4385,35.1490215,-90.0516285
4387,44.0505054,-123.0950506
4410,41.0246864,-81.0503164
4428,35.6009498,-82.5540161
4431,30.6943566,-88.0430541
4438,36.1622296,-86.7743531
4444,30.6943566,-88.0430541
4449,30.6943566,-88.0430541
4458,36.0726355,-79.7919754
4459,47.6742994,-116.7811531
4460,35.6009498,-82.5540161
4467,39.7392364,-104.9848623
4470,39.7459468,-75.546589
4473,35.3872218,-94.4248983
4474,35.9603948,-83.9210261
4479,39.5137752,-121.556359
4480,38.5634484,-75.5746476
4517,41.091121,-73.9196794
4554,40.7127281,-74.0060152
4584,40.7127281,-74.0060152
4585,29.7589382,-95.3676974
4586,47.32121,-106.910461
4587,47.32121,-106.910461
4589,39.2806451,-80.3445341
4591,39.2806451,-80.3445341
4595,31.20143875,-97.77175781
4596,37.8483224,-106.9254767
4597,31.1171441,-97.727796
4598,39.7392364,-104.9848623
4599,37.6922361,-97.3375448
4600,44.5678717,-91.6706955
4601,39.729432,-104.8319196
4602,39.7392364,-104.9848623
4603,48.7544012,-122.4788361
4604,48.7544012,-122.4788361
4605,48.7544012,-122.4788361
4606,48.7544012,-122.4788361
4608,47.4627356,-122.2559156
4610,38.6264178,-90.1998378
4612,39.0520902,-88.6029006
4613,40.9452911,-74.0735899
4614,38.8949924,-77.0365581
4615,47.32121,-106.910461
4617,47.32121,-106.910461
4618,47.32121,-106.910461
4619,47.32121,-106.910461
4620,47.32121,-106.910461
4621,47.32121,-106.910461
4622,47.32121,-106.910461
4623,47.32121,-106.910461
4626,47.32121,-106.910461
4627,47.32121,-106.910461
4628,47.32121,-106.910461
4631,45.8861603,-95.3795329
4635,40.7127281,-74.0060152
4640,25.9140256,-97.4890856
4642,41.8755616,-87.6244212
4645,40.7127281,-74.0060152
4656,34.0536909,-118.242766
4657,48.7544012,-122.4788361
4661,41.8755616,-87.6244212
4670,33.5206824,-86.8024326
4671,33.5206824,-86.8024326
4673,45.7874957,-108.49607
4674,48.3840879,-113.972144
4675,48.2022563,-114.316711
4679,39.5261206,-119.8126581
4683,40.6501038,-73.9495823
4688,32.9481789,-96.7297206
4691,30.2240897,-92.0198427
4705,41.0903087,-74.0148524
4706,40.7498243,-73.7976337
4707,41.0903087,-74.0148524
4712,40.7127281,-74.0060152
4714,38.8949924,-77.0365581
4715,40.7127281,-74.0060152
4744,37.0478983,-80.7797935
4745,37.7301385,-80.9057796
4757,40.7127281,-74.0060152
4761,40.7127281,-74.0060152
4764,40.7127281,-74.0060152
4794,41.7620447,-72.7420399
4795,18.1215622,-65.45746403
4975,40.7127281,-74.0060152
4976,40.6501038,-73.9495823
4981,41.8755616,-87.6244212
4998,46.2561815,-114.1546424
4999,47.5277147,-113.7106462
5001,47.32121,-106.910461
5010,47.6571934,-117.4235106
5021,38.8949924,-77.0365581
5046,41.7655582,-72.69061276
5048,35.1677771,-114.5730208
5050,35.5034635,-94.0510554
5052,38.8949924,-77.0365581
5055,41.7655582,-72.69061276
5056,41.7655582,-72.69061276
5060,45.5202471,-122.6741949
5064,45.5202471,-122.6741949
5065,36.6467816,-92.4575198
5067,35.4729886,-97.5170536
5070,34.2148853,-118.4998204
5071,48.7413268,-117.4204837
5074,37.7790262,-122.4199061
5075,37.7790262,-122.4199061
5079,47.6038321,-122.3300624
5080,47.6038321,-122.3300624
5082,47.6038321,-122.3300624
5084,47.6571934,-117.4235106
5085,39.9527237,-75.1635262
5086,47.6038321,-122.3300624
5088,39.2908816,-76.610759
5090,34.0536909,-118.242766
5093,35.189443,-114.0530065
5095,33.4484367,-112.0741417
5101,32.3669656,-86.3006485
5102,35.3872218,-94.4248983
5103,35.3872218,-94.4248983
5104,39.1501662,-123.2077861
5105,41.0903087,-74.0148524
5106,40.7127281,-74.0060152
5111,40.7127281,-74.0060152
5112,40.7127281,-74.0060152
5115,40.7127281,-74.0060152
5116,40.7127281,-74.0060152
5118,40.7127281,-74.0060152
5123,41.7655582,-72.69061276
5124,41.7620447,-72.7420399
5125,41.7655582,-72.69061276
5126,41.7655582,-72.69061276
5128,41.7620447,-72.7420399
5130,41.7620447,-72.7420399
5133,41.7655582,-72.69061276
5134,41.7620447,-72.7420399
5135,41.7620447,-72.7420399
5137,41.8755616,-87.6244212
5140,41.8755616,-87.6244212
5143,41.8755616,-87.6244212
5144,41.8755616,-87.6244212
5145,41.8755616,-87.6244212
5150,25.7741728,-80.19362
5151,25.7741728,-80.19362
5158,42.3602534,-71.0582912
5168,29.7589382,-95.3676974
5169,38.8949924,-77.0365581
5173,25.7741728,-80.19362
5174,25.7741728,-80.19362
5180,25.7741728,-80.19362
5187,40.7127281,-74.0060152
5189,38.6264178,-90.1998378
5191,38.6264178,-90.1998378
5193,29.9499323,-90.0701156
5250,39.100105,-94.5781416
5263,35.5085531,-78.33936
5276,47.6571934,-117.4235106
5278,41.2226155,-73.04622662
5281,40.3970146,-79.1516989
5284,35.691189,-91.5956928
5287,47.6571934,-117.4235106
5289,48.0425355,-98.34684501
5294,29.7589382,-95.3676974
5295,43.0349931,-87.922497
5301,32.7666103,-96.599472
5313,34.4458248,-119.0779359
5323,34.4458248,-119.0779359
5324,27.9477595,-82.458444
5325,40.121497,-75.3399048
5327,35.3584122,-88.5989385
5329,48.2022563,-114.316711
5331,48.3840879,-113.972144
5343,42.058436,-70.1786375
5347,37.270973,-79.9414313
5348,36.1034126,-84.1318632
5352,35.1185869,-120.590725
5353,30.5757431,-90.9531574
5356,35.1422775,-78.99872789
5359,43.08436,-79.0614686
5364,36.9781475,-82.9884955
5366,37.1289771,-84.0832646
5369,35.1185869,-120.590725
5370,33.4484367,-112.0741417
5372,29.7589382,-95.3676974
5375,34.4458248,-119.0779359
5376,39.7392364,-104.9848623
5386,34.0561207,-118.4306347
5388,42.2607675,-89.0075343
5389,35.1185869,-120.590725
5396,32.7174202,-117.1627728
5398,42.3315509,-83.0466403
5402,39.7392364,-104.9848623
5407,47.7587944,-116.7568579
5411,34.6183433,-79.0083993
5414,40.9796683,-74.1194403
5418,33.77217945,-116.4952977
5419,41.7075394,-86.8950297
5429,44.2611337,-88.4067604
5435,35.3540209,-120.3757163
5437,40.4006911,-79.1406138
5442,44.9772995,-93.2654692
5446,41.8755616,-87.6244212
5453,32.5093109,-92.1193012
5454,32.9237404,-91.8842948
5470,38.545379,-121.7445835
5472,31.2826685,-86.2555067
5473,34.0676169,-118.0879763
5532,40.7127281,-74.0060152
5593,39.1014537,-84.5124602
5639,37.7790262,-122.4199061
5685,33.8062166,-84.1457505
5693,40.7127281,-74.0060152
5701,34.0211224,-118.396466
5706,34.0536909,-118.242766
5723,40.7127281,-74.0060152
5747,34.1591324,-118.5016166
5764,33.8915985,-118.3951241
5794,36.1672559,-115.1485163
5812,36.587935,-80.67733665
5818,38.7598524,-76.89300604
5824,34.281325,-118.3809183
5826,37.270973,-79.9414313
5828,32.3669656,-86.3006485
5830,32.7876012,-79.9402728
5841,30.7485258,-94.000884
5842,35.3814368,-78.5480563
5846,41.6833813,-86.2500066
5848,34.2148853,-118.4998204
5854,42.81909025,-78.83371748
5892,35.4729886,-97.5170536
5904,41.8755616,-87.6244212
5905,39.3113257,-94.922759
5906,41.8755616,-87.6244212
5907,39.3113257,-94.922759
5908,41.8755616,-87.6244212
5910,39.3113257,-94.922759
5913,34.269124,-85.8607365
5918,35.4094178,-80.5800049
5919,41.8755616,-87.6244212
5923,64.53152,-146.9158387
5926,41.8755616,-87.6244212
5966,43.0186858,-74.0315162
5967,39.9527237,-75.1635262
5969,36.1672559,-115.1485163
6000,33.7489924,-84.3902644
6001,33.7489924,-84.3902644
6002,40.4418068,-79.8819609
6004,41.9031963,-85.5356726
6005,35.7803977,-78.6390989
6009,41.8755616,-87.6244212
6010,34.2675937,-86.2088669
6011,28.5421109,-81.3790304
6012,35.7803977,-78.6390989
6013,40.74279465,-73.2654609
6014,45.5202471,-122.6741949
6016,37.8044557,-122.2713563
6017,37.6922361,-97.3375448
6019,40.7127281,-74.0060152
6020,40.7127281,-74.0060152
6022,28.5421109,-81.3790304
6023,35.7882893,-78.7812081
6024,38.1746398,-121.2785588
6025,40.7856853,-73.2484545
6029,40.4416941,-79.9900861
6030,43.0161693,-83.6900211
6032,36.1672559,-115.1485163
6034,33.7746292,-117.9463717
6035,34.0536909,-118.242766
6037,44.9504037,-93.1015026
6039,44.9772995,-93.2654692
6042,34.257038,-85.1646726
6043,34.257038,-85.1646726
6044,34.1650972,-84.7999383
6045,33.4484367,-112.0741417
6046,29.7589382,-95.3676974
6048,39.8005505,-105.0811573
6052,36.1672559,-115.1485163
6054,30.508235,-97.6788934
6055,30.2711286,-97.7436995
6056,40.7987113,-74.2390353
6057,33.7500378,-117.8704931
6063,35.6709727,-80.4742261
6064,32.7762719,-96.7968559
6068,41.8755616,-87.6244212
6069,48.5465695,-117.905537
6070,25.9140256,-97.4890856
6071,25.9140256,-97.4890856
6072,40.7498243,-73.7976337
6073,41.1847223,-73.18672053
6074,44.9772995,-93.2654692
6075,44.9772995,-93.2654692
6076,38.6264178,-90.1998378
6078,30.2711286,-97.7436995
6079,39.1648,-84.65362114
6081,27.9477595,-82.458444
6082,38.6264178,-90.1998378
6084,38.6264178,-90.1998378
6085,43.1009031,-75.2326641
6086,41.9558637,-87.8708965
6087,42.2713945,-89.093966
6088,35.9131542,-79.05578
6089,36.1672559,-115.1485163
6090,34.2,43.9
6091,40.7127281,-74.0060152
6092,40.7127281,-74.0060152
6093,44.9772995,-93.2654692
6095,44.9772995,-93.2654692
6096,30.2711286,-97.7436995
6097,45.0748543,-93.3296296
6098,44.9772995,-93.2654692
6099,38.6264178,-90.1998378
6100,35.99784665,-86.59496163
6101,38.8051095,-77.0470229
6107,40.7281575,-74.0776417
6108,41.6529143,-83.5378173
6110,41.6529143,-83.5378173
6115,44.9772995,-93.2654692
6116,38.8051095,-77.0470229
6118,41.7571701,-88.3147539
6119,41.8755616,-87.6244212
6120,38.8949924,-77.0365581
6121,44.9772995,-93.2654692
6122,44.9772995,-93.2654692
6123,40.6501038,-73.9495823
6125,-1.30316895,36.82606122
6126,33.9528472,-84.5496148
6128,44.9772995,-93.2654692
6129,47.6038321,-122.3300624
6131,44.9772995,-93.2654692
6132,44.9772995,-93.2654692
6133,48.2022563,-114.316711
6134,41.7118728,-112.1655079
6135,41.3574135,-88.4215234
6136,39.258885,-121.0241088
6137,44.9772995,-93.2654692
6138,37.5131191,-77.3465081
6140,44.9772995,-93.2654692
6142,40.7127281,-74.0060152
6143,40.7127281,-74.0060152
6146,39.9527237,-75.1635262
6147,43.074761,-89.3837613
6148,39.058327,-96.8215535
6149,39.9622601,-83.0007065
6150,39.9622601,-83.0007065
6151,38.0902957,-96.8864144
6152,44.9772995,-93.2654692
6153,44.9772995,-93.2654692
6154,44.9772995,-93.2654692
6155,44.9772995,-93.2654692
6156,44.9772995,-93.2654692
6157,44.9772995,-93.2654692
6158,32.7174202,-117.1627728
6159,32.912624,-96.6388833
6160,32.912624,-96.6388833
6161,33.4060825,-86.7898577
6164,32.7666103,-96.599472
6169,33.8347516,-117.911732
6170,33.4709714,-81.9748429
6171,44.9772995,-93.2654692
6172,40.6501038,-73.9495823
6173,30.0798826,-95.4172549
6176,42.052576,-75.3344698
6177,33.8347516,-117.911732
6178,42.3602534,-71.0582912
6179,42.40843,-71.0536625
6180,41.7002024,-71.4161108
6181,38.7509488,-77.4752667
6182,38.636447,-77.26763351
6183,32.912624,-96.6388833
6184,40.7498243,-73.7976337
6185,32.7876012,-79.9402728
6186,41.48754,-82.101537
6187,40.8509333,-73.9701382
6188,40.5834557,-74.1496048
6189,40.7127281,-74.0060152
6190,41.6529143,-83.5378173
6191,40.8509333,-73.9701382
6192,35.7454291,-81.6870837
6193,42.451302,-73.260018
6194,35.1414606,-85.1746774
6195,38.8051095,-77.0470229
6197,40.7127281,-74.0060152
6203,30.2240897,-92.0198427
6204,42.81909025,-78.83371748
6205,24.5625566,-81.7724368
6207,25.7741728,-80.19362
6208,39.1457247,-121.5913516
6209,39.1457247,-121.5913516
6210,39.1457247,-121.5913516
6211,34.5793131,-118.1171108
6214,41.6572753,-87.6801848
6215,36.4745636,-81.804838
6217,38.8339578,-104.8253485
6219,41.5573283,-87.6654739
6221,32.2990384,-90.1847691
6222,32.2990384,-90.1847691
6227,35.0555363,-87.1578671
6228,37.1750272,-113.289888
6229,37.8708846,-90.5273473
6241,43.0910046,-78.88294651
6242,33.4956744,-88.4272627
6243,33.4956744,-88.4272627
6244,40.826489,-74.1068091
6245,38.6264178,-90.1998378
6246,30.1894252,-82.6394803
6248,30.1894252,-82.6394803
6250,29.7589382,-95.3676974
6251,41.8755616,-87.6244212
6254,35.2622158,-81.1838794
6262,40.7498243,-73.7976337
6278,33.4355977,-112.349602
6282,32.7174202,-117.1627728
6283,34.2576067,-88.7033859
6285,29.7589382,-95.3676974
6292,40.0149856,-105.2705456
6296,30.8657362,-91.0156594
6297,42.6055893,-83.1499304
6299,32.2990384,-90.1847691
6300,43.3126329,-73.8345646
6301,43.3618532,-73.6652451
6306,47.6038321,-122.3300624
6313,37.5385087,-77.43428
6315,37.5385087,-77.43428
6316,41.083064,-81.518485
6318,42.5006217,-90.6647967
6319,38.8339578,-104.8253485
6320,44.650051,-93.2432791
6321,44.650051,-93.2432791
6322,44.650051,-93.2432791
6323,44.650051,-93.2432791
6325,34.8253019,-116.0833144
6326,44.9772995,-93.2654692
6327,33.9533546,-117.3961623
6328,40.2663107,-76.8861122
6329,37.9357576,-122.3477486
6330,43.157285,-77.615214
6332,29.7589382,-95.3676974
6333,39.9527237,-75.1635262
6334,36.8886218,38.3535094
6335,39.423429,-76.2900105
6336,44.9772995,-93.2654692
6337,33.6856969,-117.8259819
6338,43.0349931,-87.922497
6340,33.5225261,-117.7075526
6342,36.771772,-114.1267663
6343,36.771772,-114.1267663
6345,36.771772,-114.1267663
6346,43.5862607,-119.0541032
6347,25.7741728,-80.19362
6349,38.636447,-77.26763351
6350,38.636447,-77.26763351
6351,36.771772,-114.1267663
6352,36.771772,-114.1267663
6353,36.771772,-114.1267663
6354,43.5862607,-119.0541032
6355,43.5862607,-119.0541032
6356,36.771772,-114.1267663
6357,32.6200973,-83.606568
6358,43.5862607,-119.0541032
6359,43.5862607,-119.0541032
6360,43.5862607,-119.0541032
6361,43.5862607,-119.0541032
6362,43.5862607,-119.0541032
6363,43.5862607,-119.0541032
6366,42.3315509,-83.0466403
6368,1.112777,44.031005
6369,37.6110502,-93.4107968
6370,37.5482697,-121.9885719
6373,46.9812063,-123.6026629
6377,37.1641544,-120.7678602
6378,40.6834364,-73.9412488
6379,25.9564812,-80.1392121
6380,44.769129,-94.1516424
6381,39.9622601,-83.0007065
6382,39.9622601,-83.0007065
6383,39.9622601,-83.0007065
6384,37.0065078,-121.5631723
6385,33.0136764,-96.6925096
6386,33.1838787,-97.1413417
6388,42.3602534,-71.0582912
6389,47.6038321,-122.3300624
6391,28.5421109,-81.3790304
6392,32.2228765,-110.9748477
6393,39.00380985,-77.40832792
6394,40.6501038,-73.9495823
6395,32.7762719,-96.7968559
6396,39.7683331,-86.1583502
6397,38.778416,-77.27496377
6401,40.2336795,-81.3442776
6403,44.9772995,-93.2654692
6404,41.6529143,-83.5378173
6405,44.9772995,-93.2654692
6406,36.5945034,-82.1885212
6407,40.9372413,-73.02518297
6408,30.4459596,-91.18738
6410,40.8466508,-73.8785937
6412,44.9772995,-93.2654692
6413,26.715364,-80.0532942
6414,26.715364,-80.0532942
6415,26.715364,-80.0532942
6416,41.6529143,-83.5378173
6417,38.9742502,-94.6851702
6418,41.8755616,-87.6244212
6419,40.7498243,-73.7976337
6420,40.7127281,-74.0060152
6423,38.8462236,-77.3063733
6428,42.3315509,-83.0466403
6429,30.421309,-87.2169149
6430,35.2272086,-80.8430827
6432,37.9747645,-87.5558483
6434,38.4404925,-122.7141049
6435,45.9109715,-122.7408326
6437,41.6529143,-83.5378173
6438,41.6529143,-83.5378173
6439,42.8507588,-72.5572913
6440,44.1961722,-72.4984381
6441,37.270973,-79.9414313
6442,43.857307,-70.10376
6443,39.1670396,-86.5342881
6444,47.0451022,-122.8950075
6445,33.6534427,-84.4493725
6446,41.9466983,-70.9526157
6450,47.6038321,-122.3300624
6451,37.08418,-94.51323
6452,40.4189566,-80.5895167
6453,34.2073196,-84.1401926
6455,36.1672559,-115.1485163
6456,39.100105,-94.5781416
6458,41.5378215,-72.8003388
6459,33.74079965,-116.3693698
6460,47.9078244,-97.0592028
6461,40.7498243,-73.7976337
6462,38.882334,-77.1710914
6463,33.9562003,-118.353132
6465,44.6200885,-110.5607575
6466,35.2272086,-80.8430827
6467,35.9603948,-83.9210261
6468,35.2272086,-80.8430827
6469,38.3505995,-81.6332812
6471,34.0536909,-118.242766
6472,38.9556031,-90.1867765
6473,32.7762719,-96.7968559
6476,36.1622296,-86.7743531
6477,39.6136578,-86.1066526
6480,40.6501038,-73.9495823
6481,28.5421109,-81.3790304
6482,38.6411854,-83.744365
6483,27.4467056,-80.3256056
6484,40.7127281,-74.0060152
6485,44.9772995,-93.2654692
6488,43.5862607,-119.0541032
6491,38.803929,-76.8518695
6492,34.4115125,-119.8562131
6505,37.9357576,-122.3477486
6506,37.9357576,-122.3477486
6507,33.0314508,-111.3873431
6508,37.9716898,-100.8726618
6509,37.9716898,-100.8726618
6510,37.9716898,-100.8726618
6511,43.0349931,-87.922497
6512,43.0349931,-87.922497
6513,38.3505995,-81.6332812
6515,28.5421109,-81.3790304
6516,35.3848841,-77.9927651
6517,38.925927,-79.8466552
6518,43.555764,-73.403778
6519,33.0128332,-111.8343015
6520,32.8795022,-111.7573521
6522,41.45011,-74.4164807
6523,47.6519,-95.2722308
6524,47.6519,-95.2722308
6527,48.5020123,-122.6237356
6530,34.0536909,-118.242766
6531,35.0555363,-87.1578671
6532,35.0555363,-87.1578671
6533,36.67797255,8.752646965
6534,36.67797255,8.752646965
6537,39.9622601,-83.0007065
6540,38.6264178,-90.1998378
6541,47.1849009,-122.29214
6542,38.2542376,-85.759407
6544,30.2711286,-97.7436995
6547,32.7174202,-117.1627728
6548,32.7174202,-117.1627728
6549,47.6038321,-122.3300624
6558,41.5051613,-81.6934446
6559,41.5051613,-81.6934446
6560,41.5051613,-81.6934446
6561,41.5051613,-81.6934446
6562,41.5051613,-81.6934446
6575,26.1603626,-80.138934
6580,41.4169806,-87.3653136
6581,33.5215013,-84.3538128
6582,38.2009055,-84.8732836
6583,40.7127281,-74.0060152
6584,39.9622601,-83.0007065
6585,33.626629,-86.55493353
6586,33.626629,-86.55493353
6587,33.4484367,-112.0741417
6588,36.7282096,-76.5835703
6594,44.9772995,-93.2654692
6596,42.8694731,-85.6447492
6597,44.9504037,-93.1015026
6599,40.7498243,-73.7976337
6600,40.7498243,-73.7976337
6601,39.8738755,-106.8855987
6602,39.7686055,-94.8466322
6604,25.7741728,-80.19362
6606,43.0630834,-83.8510732
6607,38.8949924,-77.0365581
6610,40.01727265,-122.0902762
6611,43.5593235,-116.6974878
6612,26.1223084,-80.1433786
6613,39.7392364,-104.9848623
6616,38.545379,-121.7445835
6618,39.6200928,-78.2925093
6619,40.7127281,-74.0060152
6620,33.6956461,-78.8900409
6621,39.100105,-94.5781416
6622,35.7882893,-78.7812081
6623,38.8838856,-94.81887
6627,43.074761,-89.3837613
6628,40.8477279,-73.27512207
6629,24.5625566,-81.7724368
6630,30.421309,-87.2169149
6636,31.8694349,-81.6077657
6637,31.8694349,-81.6077657
6638,31.8694349,-81.6077657
6640,31.8694349,-81.6077657
6641,28.8026443,-96.9766308
6642,41.8755616,-87.6244212
6643,44.9391565,-123.033121
6644,27.4467056,-80.3256056
6645,40.7127281,-74.0060152
6646,38.3662114,-75.6008881
6647,40.4416941,-79.9900861
6649,44.5645659,-123.2620435
6651,41.8755616,-87.6244212
6652,36.189724,-86.7857862
6653,36.1986898,-84.0371392
6654,47.6571934,-117.4235106
6655,36.0317472,-84.0279677
6656,35.9198223,-83.0257054
6657,36.189724,-86.7857862
6658,36.1631575,-82.8309861
6659,36.0317472,-84.0279677
6660,36.0317472,-84.0279677
6661,36.1034126,-84.1318632
6662,40.5508527,-105.0668085
6663,44.9772995,-93.2654692
6664,32.7876012,-79.9402728
6666,39.81812,-74.97996222
6669,42.7178558,-73.8334554
6670,40.6501038,-73.9495823
6673,28.2716755,-82.7195451
6674,28.2716755,-82.7195451
6675,28.2716755,-82.7195451
6678,33.9683795,-80.42020609
6679,36.7394421,-119.7848307
6680,32.9481789,-96.7297206
6681,35.3738712,-119.0194639
6685,42.4461322,-87.8328505
6686,42.4461322,-87.8328505
6688,37.8708393,-122.2728639
6693,40.6937099,-75.1901761
6694,38.838491,-77.20852376
6696,47.3075369,-122.2301808
6697,47.6038321,-122.3300624
6698,30.2711286,-97.7436995
6699,36.4040273,-79.3361314
6701,28.1825147,-81.8239676
6703,45.5228939,-122.989827
6705,39.7392364,-104.9848623
6708,39.065813,-84.7027575
6711,38.0464066,-84.4970393
6713,45.5202471,-122.6741949
6714,47.6038321,-122.3300624
6715,47.6038321,-122.3300624
6716,27.197983,-80.2519175
6717,37.9735346,-122.5310874
6718,39.9527237,-75.1635262
6720,40.0831714,-74.0681931
6721,38.8949924,-77.0365581
6722,29.2182454,-82.0626948
6727,40.871059,-110.1823771
6729,41.072089,-73.54443615
6730,33.105327,-96.765502
6731,29.8173646,-104.3061281
6732,30.3573802,-103.6609367
6733,30.3573802,-103.6609367
6734,44.9772995,-93.2654692
6735,44.9772995,-93.2654692
6736,46.2254778,-90.2125304
6737,41.29843435,-72.93102343
6738,41.29843435,-72.93102343
6740,41.29843435,-72.93102343
6741,29.8173646,-104.3061281
6742,46.826415,-100.889704
6743,46.7252795,-101.5026443
6745,35.1490215,-90.0516285
6746,35.1490215,-90.0516285
6747,35.1490215,-90.0516285
6748,35.1490215,-90.0516285
6749,35.1490215,-90.0516285
6750,35.1490215,-90.0516285
6751,35.1490215,-90.0516285
6752,35.1490215,-90.0516285
6753,35.1490215,-90.0516285
6754,35.1490215,-90.0516285
6755,35.1490215,-90.0516285
6756,35.1490215,-90.0516285
6757,46.7244733,-101.1644543
6758,40.7127281,-74.0060152
6759,29.7589382,-95.3676974
6760,29.5541432,-81.2207673
6761,44.0505054,-123.0950506
6763,39.100105,-94.5781416
6766,34.4221319,-119.7026673
6767,38.8949924,-77.0365581
6768,41.5910323,-93.6046655
6770,40.7127281,-74.0060152
6771,34.3664127,-89.5187664
6772,32.2990384,-90.1847691
6773,32.2990384,-90.1847691
6774,32.2990384,-90.1847691
6775,37.2166779,-93.2920373
6776,37.2166779,-93.2920373
6873,38.5810606,-121.4938951
6784,26.8237944,-80.0559266
6788,42.5048167,-71.1956111
6789,42.5048167,-71.1956111
6790,34.0966764,-117.7197785
6792,36.7394421,-119.7848307
6793,36.7394421,-119.7848307
6794,34.6124905,-117.8281193
6795,34.6124905,-117.8281193
6796,34.6992504,-118.1567569
6800,42.0447388,-87.6930459
6801,42.0447388,-87.6930459
6802,39.206865,-86.24603687
6803,41.66586935,-91.57334352
6804,38.9742502,-94.6851702
6806,40.7127281,-74.0060152
6807,42.224867,-121.7816704
6808,27.7477253,-97.4014129
6811,43.074761,-89.3837613
6812,40.6687141,-74.1143091
6814,40.7127281,-74.0060152
6815,40.7127281,-74.0060152
6817,45.892606,-111.551448
6818,46.8701049,-113.995267
6819,45.5202471,-122.6741949
6822,39.9548195,-74.59322386
6823,41.7302743,-77.9022292
6824,39.9536184,-75.1593669
6825,40.6937099,-75.1901761
6826,27.9477595,-82.458444
6829,38.029306,-78.4766781
6831,37.9357576,-122.3477486
6832,45.5202471,-122.6741949
6833,37.8708393,-122.2728639
6835,36.0690258,-79.4005756
6836,34.7494749,-77.4208221
6837,40.6501038,-73.9495823
6845,38.8051095,-77.0470229
6846,42.3315509,-83.0466403
6847,40.7127281,-74.0060152
6849,34.729847,-86.5859011
6850,47.6144219,-122.1923372
6854,28.2498534,-81.2839038
6856,28.2498534,-81.2839038
6866,21.304547,-157.8556764
6867,31.4584764,-85.6405865
6869,41.2587459,-95.9383758
6875,40.6501038,-73.9495823
6876,40.6501038,-73.9495823
6877,33.965689,-117.774151
6878,45.5202471,-122.6741949
6879,41.0799898,-85.1386015
6882,36.771772,-114.1267663
6885,47.6038321,-122.3300624
6887,34.9809996,-79.2241998
6888,26.1666888,-80.2787573
6893,38.029306,-78.4766781
6895,38.7938615,-77.63319337
6896,29.7589382,-95.3676974
6897,45.5202471,-122.6741949
6898,38.5810606,-121.4938951
6899,30.3441909,-96.5291263
6900,30.4764878,-96.6353488
6901,40.7127281,-74.0060152
6902,36.4119253,-113.3254964
6903,42.3315509,-83.0466403
6905,38.029306,-78.4766781
6908,34.0536909,-118.242766
6910,37.5385087,-77.43428
6915,40.2203907,-74.0120817
6923,33.8708215,-117.9294165
6924,44.9475726,-93.3569023
6926,40.5246711,-111.8638226
6933,33.86428,-118.39591
6934,40.3959026,-80.0331092
6944,35.7803977,-78.6390989
6947,33.0136764,-96.6925096
6948,33.0136764,-96.6925096
6951,45.5202471,-122.6741949
6952,38.029306,-78.4766781
6954,47.6571934,-117.4235106
6957,35.8460396,-86.3921096
6958,35.8460396,-86.3921096
6960,42.6724219,-71.4068081
6963,47.6038321,-122.3300624
6970,33.6259414,-97.1333453
6972,29.6519684,-82.3249846
6978,38.7389846,-77.5536743
6981,40.7127281,-74.0060152
6983,33.3406695,-84.2907566
6984,33.3406695,-84.2907566
6986,33.2467807,-84.2640904
6989,40.7127281,-74.0060152
6990,41.8755616,-87.6244212
6993,36.35339,-119.4260291
6997,38.8949924,-77.0365581
7004,43.201126,-86.238946
7011,44.5907989,-89.7673452
7017,41.9889173,-88.6867538
7019,30.0665907,-90.4800848
7020,47.5315625,-122.6384056
7021,36.4040273,-79.3361314
7024,30.3321838,-81.655651
7030,40.8466508,-73.8785937
7038,39.7392364,-104.9848623
7041,40.102555,-105.3632079
7042,40.102555,-105.3632079
7043,27.7477253,-97.4014129
7046,27.7477253,-97.4014129
7049,27.7477253,-97.4014129
7053,27.7477253,-97.4014129
7494,43.0161693,-83.6900211
7696,26.6279798,-80.4494174
7698,39.7990175,-89.6439575
7701,34.1008426,-117.7678355
7702,40.6501038,-73.9495823
7704,29.1871986,-82.1400923
7705,30.3321838,-81.655651
7707,43.0349931,-87.922497
7708,42.2416466,-84.425589
7710,26.615891,-80.0691435
7711,40.4864444,-86.1336351
7712,35.3738712,-119.0194639
7713,35.3738712,-119.0194639
7716,42.2416466,-84.425589
7719,33.7556593,-96.536658
9004,36.1622296,-86.7743531
9006,40.7127281,-74.0060152
9050,30.2711286,-97.7436995
9052,33.9533546,-117.3961623
9053,33.9533546,-117.3961623
9054,33.9533546,-117.3961623
9055,33.9533546,-117.3961623
9058,40.826489,-74.1068091
9059,43.6166163,-116.200886
9060,42.3602534,-71.0582912
9061,42.3602534,-71.0582912
9112,42.3222599,-83.1763145
9120,40.5834557,-74.1496048
9127,32.9481789,-96.7297206
9135,45.5202471,-122.6741949
9230,40.7127281,-74.0060152
9291,40.1447732,-84.2424449
9298,40.7127281,-74.0060152
9300,38.838491,-77.20852376
9318,42.3222599,-83.1763145
9323,32.9481789,-96.7297206
9330,40.6501038,-73.9495823
9357,39.7392364,-104.9848623
9378,29.7589382,-95.3676974
9392,40.6501038,-73.9495823
9404,30.3321838,-81.655651
9405,41.8755616,-87.6244212
9406,32.7174202,-117.1627728
9407,28.5421109,-81.3790304
9409,41.3705468,-75.1544436
9410,43.157285,-77.615214
9411,35.3395135,-97.4867045
7098,33.6469261,-117.6859213
7126,26.3100794,-80.23727
7158,26.9342246,-80.0942087
7282,49.1168072,-118.7646194
7295,33.0136764,-96.6925096
7422,41.5051613,-81.6934446
7495,39.0273676,-95.7627535
7802,38.1942356,-85.5644033
7803,40.4416941,-79.9900861
7804,25.9564812,-80.1392121
7807,39.9622601,-83.0007065
7817,30.4380832,-84.2809332
1184,34.851354,-82.3984882
1190,35.9603948,-83.9210261
1362,25.7741728,-80.19362
1363,49.1168072,-118.7646194
1364,42.8501191,-106.3251384
1365,25.7741728,-80.19362
1368,40.3492744,-74.6592958
7551,42.3750997,-71.1056157
1370,42.2186765,-123.2739559
1372,30.0860459,-94.1018461
1373,41.311367,-105.591101
1374,34.0536909,-118.242766
7081,38.955696,-77.34188284
7100,38.029306,-78.4766781
7154,44.8322405,-93.3204872
7171,42.3264181,-122.8718605
7179,33.4709714,-81.9748429
7378,25.5783,-80.3377
7408,45.5202471,-122.6741949
7409,45.5202471,-122.6741949
7555,35.8460396,-86.3921096
7825,38.8949924,-77.0365581
7079,40.1791278,-99.8981009
7283,33.6856969,-117.8259819
7398,42.959738,-87.861471
7413,37.7639175,-120.8458898
7416,47.6038321,-122.3300624
7537,36.941968,-105.4544519
7541,34.4838502,-114.3224495
7810,38.2325829,-122.636465
7828,34.0007493,-81.0343313
8295,41.6529143,-83.5378173
7502,33.6783336,-118.0000166
7503,38.029306,-78.4766781
7752,38.029306,-78.4766781
7753,38.029306,-78.4766781
7800,33.6783336,-118.0000166
7297,38.029306,-78.4766781
7498,41.7771605,-87.8729748
7805,33.2095614,-87.5675258
7156,44.8322405,-93.3204872
7243,41.6819935,-85.9766671
7144,42.5584284,-70.8800491
7819,38.2325829,-122.636465
7145,39.100105,-94.5781416
7789,41.8755616,-87.6244212
7074,39.00380985,-77.40832792
7470,42.3222599,-83.1763145
7423,33.0206179,-80.1747537
7163,33.4255056,-111.9400091
9550,40.6778708,-73.9684725
7094,35.9603948,-83.9210261
7115,29.7589382,-95.3676974
7755,28.0222435,-81.7328568
7554,32.559403,-116.9278379
7132,29.5227336,-83.1301293
7131,37.6390972,-120.9968782
7303,34.2978794,-83.8240663
7504,29.9499323,-90.0701156
7087,42.48059,-83.4754913
7093,35.9603948,-83.9210261
7162,33.4255056,-111.9400091
7473,40.5009019,-80.0675554
7781,40.7896239,-73.9598939
7558,39.9788017,-86.1189257
7294,44.5645659,-123.2620435
7431,34.729847,-86.5859011
7157,44.8322405,-93.3204872
7476,40.5009019,-80.0675554
7424,36.0157208,-114.7374682
7761,38.8854281,-77.04147349
7161,34.5068601,-82.6506264
8341,37.104153,-113.5841313
1189,27.4467056,-80.3256056